{"count":1,"self":426.58076159999996,"total":868.0787846,"children":{"InitializeActuators":{"count":1,"self":0.0029987,"total":0.0029987,"children":null},"InitializeSensors":{"count":1,"self":0.0030009999999999998,"total":0.0030009999999999998,"children":null},"AgentSendState":{"count":229117,"self":5.5450811999999994,"total":15.465198299999999,"children":{"CollectObservations":{"count":45824,"self":0.6271356,"total":0.6271356,"children":null},"WriteActionMask":{"count":45824,"self":0.4725512,"total":0.4725512,"children":null},"RequestDecision":{"count":45824,"self":1.9611877999999998,"total":8.8204303,"children":{"AgentInfo.ToProto":{"count":45824,"self":1.1862234999999999,"total":6.8592425,"children":{"GenerateSensorData":{"count":45824,"self":2.0297082,"total":5.673019,"children":{"RayPerceptionSensor.Perceive":{"count":45824,"self":3.6433107999999996,"total":3.6433107999999996,"children":null}}}}}}}}},"DecideAction":{"count":229117,"self":420.6644224,"total":420.6644329,"children":null},"AgentAct":{"count":229117,"self":5.3533376,"total":5.3603882,"children":{"AgentInfo.ToProto":{"count":45,"self":0.0020082999999999998,"total":0.0070504,"children":{"GenerateSensorData":{"count":45,"self":0.0020136999999999998,"total":0.0050421,"children":{"RayPerceptionSensor.Perceive":{"count":45,"self":0.0030283999999999997,"total":0.0030283999999999997,"children":null}}}}}}}},"gauges":{"iRobot.CumulativeReward":{"count":45,"max":1.94098151,"min":-1.09995723,"runningAverage":-0.6253205,"value":-1.02894855,"weightedAverage":-1.01006937}},"metadata":{"timer_format_version":"0.1.0","start_time_seconds":"1610721319","unity_version":"2019.4.11f1","command_line_arguments":"C:\\Program Files\\Unity\\Hub\\Editor\\2019.4.11f1\\Editor\\Unity.exe -projectpath C:\/Users\/Gilbert\/Documents\/InformationVisualization\/UnityProject\/iRobotMLAgents -useHub -hubIPC -cloudEnvironment production -hubSessionId dc0f3740-5735-11eb-af05-d355a7b6e069 -accessToken wLHbMqGeJfaT0FTT7nHk01dP_Abeqrev16ehvd3aP34006f","communication_protocol_version":"1.3.0","com.unity.ml-agents_version":"1.7.2-preview","scene_name":"SampleScene","end_time_seconds":"1610722187"}}