{"count":1,"self":1289.5740928,"total":1705.0925903,"children":{"InitializeActuators":{"count":1,"self":0.002002,"total":0.002002,"children":null},"InitializeSensors":{"count":1,"self":0.0020005,"total":0.0020005,"children":null},"AgentSendState":{"count":1617313,"self":29.4136128,"total":41.035562,"children":{"CollectObservations":{"count":323463,"self":2.8431363999999997,"total":2.8431363,"children":null},"WriteActionMask":{"count":323463,"self":2.4014683999999997,"total":2.4014683999999997,"children":null},"RequestDecision":{"count":323463,"self":6.3773431999999994,"total":6.377343,"children":null}}},"DecideAction":{"count":1617313,"self":331.82955519999996,"total":350.3009954,"children":{"RayPerceptionSensor.Perceive":{"count":323463,"self":18.471439999999998,"total":18.471440599999998,"children":null}}},"AgentAct":{"count":1617313,"self":24.177921599999998,"total":24.177921299999998,"children":null}},"gauges":{"iRobot.CumulativeReward":{"count":323,"max":8.333589,"min":-1.2041806,"runningAverage":-0.827490032,"value":-1.00744319,"weightedAverage":-1.00941157}},"metadata":{"timer_format_version":"0.1.0","start_time_seconds":"1614002045","unity_version":"2019.4.11f1","command_line_arguments":"C:\\Program Files\\Unity\\Hub\\Editor\\2019.4.11f1\\Editor\\Unity.exe -projectpath C:\/Users\/Gilbert\/Documents\/InformationVisualization\/UnityProject\/iRobotMLAgents -useHub -hubIPC -cloudEnvironment production -hubSessionId 5c037be0-7514-11eb-bd26-c5e6646dec65 -accessToken Btp8-M2GQqi7EqbOweip7XPkztvfgY-I2Dq97M4nEhs006f","communication_protocol_version":"1.3.0","com.unity.ml-agents_version":"1.7.2-preview","scene_name":"Scene3_v2","end_time_seconds":"1614003750"}}