{"count":1,"self":3923.7591039999998,"total":8727.0617267,"children":{"InitializeActuators":{"count":1,"self":0.0020117,"total":0.0020117,"children":null},"InitializeSensors":{"count":1,"self":0.0029828999999999997,"total":0.0029828999999999997,"children":null},"AgentSendState":{"count":3003484,"self":67.90032,"total":188.55876229999998,"children":{"CollectObservations":{"count":600697,"self":8.3621632,"total":8.3621631,"children":null},"WriteActionMask":{"count":600697,"self":5.6911048,"total":5.6911049,"children":null},"RequestDecision":{"count":600697,"self":22.5427824,"total":106.605173,"children":{"AgentInfo.ToProto":{"count":600697,"self":14.5508144,"total":84.0623911,"children":{"GenerateSensorData":{"count":600697,"self":24.7599616,"total":69.5115764,"children":{"RayPerceptionSensor.Perceive":{"count":600697,"self":44.751616,"total":44.7516156,"children":null}}}}}}}}},"DecideAction":{"count":3003484,"self":4552.3705856,"total":4552.3705327,"children":null},"AgentAct":{"count":3003484,"self":62.355270399999995,"total":62.367310999999994,"children":{"AgentInfo.ToProto":{"count":60,"self":0.0030074999999999998,"total":0.012041099999999999,"children":{"GenerateSensorData":{"count":60,"self":0.0019932,"total":0.0090336,"children":{"RayPerceptionSensor.Perceive":{"count":60,"self":0.0070404,"total":0.0070404,"children":null}}}}}}}},"gauges":{"iRobot.CumulativeReward":{"count":60,"max":18.2359867,"min":-1.84395874,"runningAverage":0.3981414,"value":-1.00062227,"weightedAverage":-1.01468062}},"metadata":{"timer_format_version":"0.1.0","start_time_seconds":"1613832848","unity_version":"2019.4.11f1","command_line_arguments":"C:\\Program Files\\Unity\\Hub\\Editor\\2019.4.11f1\\Editor\\Unity.exe -projectpath C:\/Users\/Gilbert\/Documents\/InformationVisualization\/UnityProject\/iRobotMLAgents -useHub -hubIPC -cloudEnvironment production -hubSessionId 203b0490-7387-11eb-89b1-95b2f78260cd -accessToken peu-mPzF5meK2rM0EszwuhWjoL_elxgnPKksvlk6ADM006f","communication_protocol_version":"1.3.0","com.unity.ml-agents_version":"1.7.2-preview","scene_name":"Scene1_v2","end_time_seconds":"1613841575"}}